product_group,tested_model,tested_program,compatible_models,note
Access Control,DHI-ASI3213A-W,2.6.01.18.21202 DH_ASIX2XX-C-H-Freyja-B2_MultiLang_NP_V3.002.0000000.1.R.240816.zip,"DHI-ASI3214A-W, DHI-ASI3223A, DHI-ASI3213A-W",
Access Control,DHI-ASI7213S-W,2.6.01.18.21210 DH_ASIX2XX-D-V-Freyja-A3_MultiLang_NP_V3.002.0000000.1.R.240816.zip,"DHI-ASI7213S-W, DHI-ASI7214S-W, DHI-ASI8213S-W-V1, DHI-ASI8214S-W-V1, DHI-ASI7213K-W",Supported by SmartEducation plugin.
Access Control,DHI-ASI7213Y-V3-T1P,2.6.01.18.13569 DH_ASI72XX-V3_Eng_NP_V1.000.0000016.0.R.220728.zip,"DHI-ASI7213Y-V3, DHI-ASI7214Y-V3, DHI-ASI7223Y-A-V3, DHI-ASI4213Y, DHI-ASI4214Y, DHI-ASI3203Y, DHI-ASI7213Y-V3-T, DHI-ASI7213Y-V3-T1, DHI-ASI7223Y-A-V3-T1, DHI-ASI7213Y-V3-T0, DHI-ASI7213YO-V3-T0, DHI-ASI7213YO-V3-T2, DHI-ASI7223YO-A-V3-T2, DHI-ASI7213Y-V3-T1P, DHI-ASI7223Y-A-V3-T1P",
Access Control,DHI-ASC2204B-S,2.6.02.18.02566 General_ASC2204B-S_MCU_V2.000.0000000.8.R.211203.zip,"DHI-ASC2204B-S, ASC2204B-S",
Access Control,DHI-ASC3202B,2.6.01.18.20017 DH_ASC320XB_MultiLang_NP_V1.002.0000000.5.R.240417.zip,DHI-ASC3202B,
Access Control,DHI-ASI1201E-D,2.6.02.18.04124 General_ASI1201E_MCU_V3.000.0000000.0.R.231118.zip,"DHI-ASI1201E, ASI1201E, DHI-ASI1201E-D, ASI1201E-D",
Access Control,DHI-ASI1202M,2.6.02.18.01025  General_ASI1202M_V1.000.0000000.9.R.200108.zip,"ASI1202M, DHI-ASI1202M, ASI1202M-D, DHI-ASI1202M-D",
Access Control,DHI-ASI2212H-W,2.6.01.18.21063 DH_ASI22XXH_Eng_NP_V1.000.0000000.3.R.240727.zip,"DHI-ASI2212H-W, DHI-ASI2212H-DW, DHI-ASI2201H-W, DHI-ASI2201H-DW",
Access Control,DHI-ASR1102A (V3),2.6.02.18.03790 General_ASR1XX2A_NOENC_MCU_V4.000.0000000.3.R.230619.zip,"DHI-ASR1102A (V3), ASR1102A (V3), DHI-ASR1102A-D (V3), ASR1102A-D (V3)",
Access Control,DHI-ASR1200E,2.6.02.18.02275 General_ASR1200E_MCU_V1.000.0000000.2.R.210824.zip,"DHI-ASR1200E, ASR1200E",
Access Control,DHI-ASR2101A,2.6.02.18.03531 General_ASR2XXXA_NOENC_MCU_V1.000.0000001.2.R.230208.zip,"DHI-ASR2200A-B, ASR2200A-B, DHI-ASR2100A, ASR2100A-D, DHI-ASR2101A-D, ASR2101A, DHI-ASR2100A-D, ASR2100A, DHI-ASR2101A, ASR2101A-D, DHI-ASR2200A, DHI-ASR2200A-D, ASR2200A, ASR2200A-D, DHI-ASR2201A, DHI-ASR2201A-D, ASR2201A, ASR2201A-D, DHI-ASR2100A-ME, ASR2100A-ME, DHI-ASR2101A-ME, ASR2101A-ME",
Access Control,DHI-ASR2115A,2.6.02.18.04170 General_ASR21X5A-X_NOENC_MCU_V1.000.0000000.3.R.231227.zip,"DHI-ASR2115A, ASR2115A",
Access Control,DHI-ASM100-V1,2.6.02.18.02039 General_ASM100_V2.001.0000000.1.R.20210605.zip,"DHI-ASM100-V1, ASM100-D-V1, ASM100-V1, DHI-ASM100-D-V1",
Access Control,DHI-ASM101A,2.6.02.18.01661 General_ASM101A_NOENC_MCU_V1.000.0000000.1.R.201116.zip,"DHI-ASM101A, ASM101A",
Access Control,DHI-ASI8213SA-W,2.6.01.18.12869 DH_ASIX2XX-Android_MultiLang_V1.000.0000000.0.R.220530.zip,DHI-ASI8213SA-W,
Access Control,DHI-ASC4202C-D,2.6.01.18.21724  DH_ASCX2XX-A-RUSSELL-02_MultiLang_PN_V1.002.0000000.0.R.241017.zip,,
Access Control,DHI-ASI1212M-W,2.6.01.18.21457 DH_ASIX2XX-B-H-SIV_MultiLang_NP_V3.002.0000000.1.R.240910.zip,"DHI-ASI1201M-ME, DHI-ASI1201M-MEW, DHI-ASI1201M-MEP, DHI-ASI1212M-W, DHI-ASI1212M-DW, DHI-ASI1212M-P, DHI-ASI1212M",
Access Control,DHI-ASI1201A-ME,2.6.02.18.04549 General_ASI1201A-V1_Chn_MCU_V1.000.0000000.0.R.240929.zip,"DHI-ASI1201A-ME, ASI1201A-ME",
"IVSS, EVS",DHI-IVSS7108-1M,DH_IVSS71XX-M_MultiLang_V3.003.0000001.0.R.240419.zip,"DHI-IVSS7108-1M, DHI-IVSS7108-2M, DHI-IVSS7108",
"IVSS, EVS",DHI-IVSS7108-1I,DHI_IVSS71XXAI-I_MultiLang_V3.004.0000000.1.R.240926.zip,"DHI-IVSS7108-1, DHI-IVSS7108-2, DHI-IVSS7112-2, DHI-IVSS7112R-2, DHI-IVSS7112-4, DHI-IVSS7112R-4, DHI-IVSS7116-4, DHI-IVSS7116-8, DHI-IVSS7116DR-4, DHI-IVSS7116DR-8, DHI-IVSS7124-8, DHI-IVSS7124-16, DHI-IVSS7124DR-8, DHI-IVSS7124DR-16I",
"IVSS, EVS",DHI-IVD5148-1I,2.6.01.02.27755 DHI_IVD&IVSS51XXAI-I_MultiLang_V3.004.0000000.1.R.240926.zip,"DHI-IVD5148-1, DHI-IVD5148-2, DHI-IVD5148-3, DHI-IVD3116-1, DHI-IVD5148WT-1, DHI-IVSS5108-1I, DHI-IVSS5108-2I, DHI-IVSS5108-4I",Supported by retail plugin.
"IVSS, EVS",DHI-EVS5016S-V2,DH_EVS5016-V2_MultiLang_V5.002.0000000.0.R.240727.zip,"DHI-EVS5016S-V2, DHI-EVS5016S-R-V2",
"IVSS, EVS",DHI-EVS3224S-SMR/250,DH_EVS3224S-SMR_MultiLang_V5.001.0000001.2.R.240620.zip,"DHI-EVS3224S-SMR/250, DHI-EVS3224S-SMR/350, DHI-EVS3224S-SMR/400, DHI-EVS3224S-SMR/450, DHI-EVS3224S-SMR/600",
"IVSS, EVS",DHI-EVS7124S,DH_EVS71XX_MultiLang_V5.002.0000000.0.R.240727.zip,"DHI-EVS7148S-10G, DHI-EVS7124S, DHI-EVS7136S, DHI-EVS7148S, DHI-EVS7124S-10G",
"IVSS, EVS",DHI-EVS7124D-V2,DH_EVS71XXD_MultiLang_V5.001.0000001.0.R.240122.zip,"DHI-EVS7124D-10G, DHI-EVS7148D-10G, DHI-EVS7124D-V2-10G, DHI-EVS7148D-V2-10G, DHI-EVS7124D, DHI-EVS7148D, DHI-EVS7124D-V2, DHI-EVS7148D-V2",
Video Intercom,DHI-VTO7541G-S3,2.6.01.18.21562  DH_VTO79XXX-D-V-Freyja-A3_MultiLang_PN_V4.600.0000000.2.R.240905.zip,"DHI-VTO7531G-S3, DHI-VTO7541G-S3, DHI-VTO9541D-S3",
Video Intercom,DHI-VTO4202F-P-S3,2.6.01.18.20588 DH_VTOVilla_Vale_MultiLang_PN_128M_SIP_EMEA_V4.700.0000001.0.R.240618.zip,"DHI-VTO2201F-P-S2, DHI-VTO4202F-P-S3, DHI-VTO4202FB-P-S3, DHI-VTO4201F-P, DHI-VTO4201FB-P, DHI-VTO4201F-P1, DHI-VTO4201FB-P1, DHI-VTO4202F-P1, DHI-VTO4202FB-P1",
Video Intercom,DHI-VTO2111D-P-S3,2.6.01.18.20338 DH_VTOVilla_Vale_MultiLang_PN_128M_SIP_EMEA_V4.700.0000000.4.R.240509.zip,"DHI-VTO2111D-P-S3, DHI-VTO2211G-P-S2, DHI-VTO2211G-WP-S2",
Video Intercom,DHI-VTH5321GW-W,2.6.01.18.18522 DH_VTH53X1_MultiLang_SIP_V4.400.0000003.1.R.20231013.zip,"DHI-VTH5341G-W, DHI-VTH5321GW-W, DHI-VTH5321GB-W",
Video Intercom,DHI-VTH2421FW-P,2.6.01.18.20962 DH_VTHX421H_MultiLang_SIP_EMEA_V4.700.0000000.2.R.240801.zip,"DHI-VTH2421FB, DHI-VTH2421FW, DHI-VTH5221D-S2, DHI-VTH5221DW-S2, DHI-VTH5241DW-S2, DHI-VTH5441G, DHI-VTH2421FB-P, DHI-VTH2421FW-P, DHI-VTH5421E-H, DHI-VTH5421EW-H",
Video Intercom,DHI-VTS8A40B-CG,2.6.01.18.21267 DH_VTSXA40X_MultiLang_V4.510.0000000.3.R.240816.zip,"DHI-VTS5A40B, DHI-VTS8A40B-CG",
Alarm Controller,ARC9016C-V3,General_ARCX0XXC-V3_MultiLang_P_V4.000.0000000.0.R.230715,"DHI-ARC2008C-V3, DHI-ARC2016C-V3, DHI-ARC9016C-V3",
Alarm Controller,ARC3800H,DH_ARC3800H_MultiLang_PN_868_V2.000.0000003.0.R.240914,"DHI-ARC3800H-W2 (868), DHI-ARC3800H-FW2 (868), DHI-ARC3800H-W2, DHI-ARC3800H-FW2",
Alarm Controller,ARC3000H,DH_ARC3000H_MultiLang_PN_868_V1.001.0000009.0.R.240926,"DHI-ARC3000H-W2 (868), DHI-ARC3000H-GW2 (868), DHI-ARC3000H-FW2 (868), DHI-ARC3000H-W2, DHI-ARC3000H-GW2, DHI-ARC3000H-FW2",
