Category,Model,P/N,Description,Specification,Product
Face Recognition  Server,DHI-IVS-F7500-T-S2-GU2,1.0.01.18.10353,DAHUA ovesea Face Recognition Server,"2U: 2x Intel Xeon Gold 5120 | 8x16GB DDR, up to 512GB |  4TB SATA HDD x5 | NVIDIA Tesla T4x1| Linux Embedded",
,DHI-IVS-F7500-2T-S2-GU2,1.0.01.18.10354,DAHUA ovesea Face Recognition Server,"2U: 2x Intel Xeon Gold 5120 | 16x16GB DDR, up to 512GB |  4TB SATA HDD x5 | NVIDIA Tesla T4x2 | Linux Embedded",
Vehicle Recognition Server,DHI-IVS-T8100-T-300W,1.0.01.18.10446,DAHUA ovesea Vehicle Analysis Server,1U：Intel Xeon  E3-1275 V5 | Memory 32GB | 4TB SATA HDD x 1 |NVIDIA Tesla T4x1 | Linux Embedded,
,DHI-IVS-T8100-S-GU2,1.0.01.18.10381,DAHUA ovesea Vehicle Search Server,2U：Intel Xeon Silver 4114T x2 | Memory 128GB | 4TB SATA HDD x5 | Linux Embedded,
Video Structured Server,DHI-IVS-GS8000-GU2-HW,1.0.01.18.10662,DAHUA ovesea Video Structured Server （One server support four T4 cards）,2U：Intel Gold5120 x2 | Memory 128GB | 4TB SATA HDD x5 | Linux Embedded,
,DHI-IVS-VS8000-R-PRO,2.9.02.10.10062,DAHUA ovesea Video Structured pure software,Structured video stream 1 channel authorization,
Traffic Event Detection Server,DHI-IVS-TB8000-E-GU1,1.0.01.18.10618,DAHUA ovesea Traffic Event Detection Server （32 channel video stream）,1U：Intel Xeon E3-1275V5 x1 | Memory 16GB | 4TB SATA x1 | Intelligent Analysis Card x1 | Linux Embedded,
,DHI-IVS-TB8000-2E-GU2,1.0.01.18.10619,DAHUA ovesea Traffic Event Detection Server （64 channel video stream）,,
,DHI-IVS-TB8000-3E-GU2,1.0.01.18.10620,DAHUA ovesea Traffic Event Detection Server （96 channel video stream）,,
,DHI-IVS-TB8000-4E-GU2,1.0.01.18.10621,DAHUA ovesea Traffic Event Detection Server （128 channel video stream）,2U：10 core CPU x2 | Memory 16GB*4 | 4TB SATA x2 | AIX3200 x4 | Linux Embedded,
,DHI-IVS-TB8000-5E-GU2,1.0.01.18.10622,DAHUA ovesea Traffic Event Detection Server （160 channel video stream）,,
,DHI-IVS-TB8000-6E-GU2,1.0.01.18.10623,DAHUA ovesea Traffic Event Detection Server （192 channel video stream）,2U：10 core CPU x2 | Memory 16GB*4 | 4TB SATA x2 | AIX3200 x6 | Linux Embedded,
,DHI-IVS-TB8000-1C-PRO,2.9.02.10.10123,DAHUA ovesea Traffic Event Detection Service Software,Traffic Event Detection 1 channel authorization（Only use when pure software deployment）,
Common Person Behavior Detection Server,DHI-IVS-PB8000-E-GU1,1.0.01.18.10635,DAHUA ovesea Common Person Behavior Detection Server （32 channel video stream）,1U：Intel Xeon E3-1275V5 x1 | Memory 16GB | 4TB SATA x1 | AIX3200 x1 | Linux Embedded,
,DHI-IVS-PB8000-2E-GU2,1.0.01.18.10636,DAHUA ovesea Common Person Behavior Detection Server （64 channel video stream）,,
,DHI-IVS-PB8000-3E-GU2,1.0.01.18.10637,DAHUA ovesea Common Person Behavior Detection Server （96 channel video stream）,,
,DHI-IVS-PB8000-4E-GU2,1.0.01.18.10638,DAHUA ovesea Common Person Behavior Detection Server （128 channel video stream）,2U：10 core CPU x2 | Memory 16GB*4 | 4TB SATA x2 | AIX3200 x4 | Linux Embedded,
,DHI-IVS-PB8000-5E-GU2,1.0.01.18.10639,DAHUA ovesea Common Person Behavior Detection Server （160 channel video stream）,,
,DHI-IVS-PB8000-6E-GU2,1.0.01.18.10640,DAHUA ovesea Common Person Behavior Detection Server （192 channel video stream）,2U：10 core CPU x2 | Memory 16GB*4 | 4TB SATA x2 | AIX3200 x6 | Linux Embedded,
,DHI-IVS-PB8000-1C-PRO,2.9.02.10.10092,DAHUA ovesea Common Person Behavior Detection Service Softwar,Common Person Behavior Detection 1 channel authorization（Only use when pure software deployment）,
Prisoner Behavior Detection Server,DHI-IVS-IP8000-E-GU1,1.0.01.18.10700,DAHUA ovesea Prisoner Behavior Detection Server（just used for prisoner） （32 channel video stream）,1U：Intel Xeon E3-1275 V5 *1 | intelligent analysis card x1 | Memory 16GB | 4TB SATA HDD | Linux Embedded,IVS
,DHI-IVS-IP8000-2E-GU2,1.0.01.18.10701,DAHUA ovesea Prisoner Behavior Detection Server（just used for prisoner） （64 channel video stream）,,
,DHI-IVS-IP8000-3E-GU2,1.0.01.18.10702,DAHUA ovesea Prisoner Behavior Detection Server（just used for prisoner） （96 channel video stream）,,
,DHI-IVS-IP8000-4E-GU2,1.0.01.18.10703,DAHUA ovesea Prisoner Behavior Detection Server（just used for prisoner） （128 channel video stream）,2U：Intel Xeon Silver 4114T *2 | intelligent analysis card x4 | Memory 16GB*4 | 4TB SATA HDD*4 | Linux Embedded,
,DHI-IVS-IP8000-5E-GU2,1.0.01.18.10704,DAHUA ovesea Prisoner Behavior Detection Server（just used for prisoner） （160 channel video stream）,,
,DHI-IVS-IP8000-6E-GU2,1.0.01.18.10705,DAHUA ovesea Prisoner Behavior Detection Server（just used for prisoner） （192 channel video stream）,2U：Intel Xeon Silver 4114T *2 | intelligent analysis card x6 | Memory 16GB*4 | 4TB SATA HDD*4 | Linux Embedded,
,DHI-IVS-IP8000-1C-PRO,2.9.02.10.10094,DAHUA ovesea Prisoner Behavior Detection Service Softwar,Prisoner Behavior Detection 1 channel authorization（Only use when pure software deployment）,
Video Quality Diagnosis Server,DHI-IVS-VQ8000-1000,1.0.01.18.10516,DAHUA ovesea Video Quality Diagnosis Server （1000 channel video stream）,1U：Intel Xeon E3-1275 V5 | Memory 16GB (2*8GB)  | 1TB SATA HDD | CentOS Linux release 7.4.1708,
,DHI-IVS-VQ8000-5000,1.0.01.18.10517,DAHUA ovesea Video Quality Diagnosis Server （5000 channel video stream）,1U：Intel Xeon E3-1275 V5 | Memory 16GB (2*8GB)  | 1TB SATA HDD | CentOS Linux release 7.4.1708,
,DHI-IVS-VQ8000-10000,1.0.01.18.10518,DAHUA ovesea Video Quality Diagnosis Server （10000 channel video stream）,1U：Intel Xeon E3-1275 V5 | Memory 16GB (2*8GB)  | 1TB SATA HDD | CentOS Linux release 7.4.1708,
,DHI-IVS-VQ8000-1000-PRO,2.9.01.10.10100,DAHUA ovesea Video Quality Diagnosis pure software （1000 channel video stream）,Video Quality Diagnosis 1000 channel authorization（Only use when pure software deployment）,
,DHI-IVS-VQ8000-5000-PRO,2.9.01.10.10101,DAHUA ovesea Video Quality Diagnosis pure software （5000 channel video stream）,Video Quality Diagnosis 5000 channel authorization（Only use when pure software deployment）,
,DHI-IVS-VQ8000-10000-PRO,2.9.01.10.10102,DAHUA ovesea Video Quality Diagnosis pure software （10000 channel video stream）,Video Quality Diagnosis 10000 channel authorization（Only use when pure software deployment）,
Intelligent Analysis Card,NVIDIA GPU卡-TESLA T4,1.0.01.18.10681,DAHUA ovesea Intelligent Analysis Card,Memory 16GB | 8.1 tflops / single precision | 65TFLOPS/FP16 | 130TOPS/INT8 | 300GB/s | x16 PCIe Gen3.0,
,DHI-AIX3200,1.0.01.18.10651,DAHUA ovesea Intelligent Analysis Card,Power 67W | Memory 32GB | 204.8GByte/s,
CV Engine （For algorithm management）,DHI-IVE-DP8000-GU2-HW,1.0.01.18.10760,Dahua ovesea CV Engine server,One project with one set,
,DHI-IVE-DP8000-1C-PRO,2.9.02.10.11088,Dahua ovesea CV Engine software,Number of software = number of access,
,,,,,
,,,,,
,,,,,
,,,,,
